chain,resid,residue,WT,1M
A,38,PRO,1.32,1.4
A,39,HSD,0.97,1.12
A,40,ARG,3.59,2.22
A,41,TYR,1.08,1.06
A,42,LYS,2.21,1.53
A,43,PRO,0.72,0.33
A,44,GLY,0.06,0.05
A,45,THR,0.15,0.11
A,46,VAL,0.09,0.13
A,47,ALA,0.08,0.03
A,48,LEU,0.01,0.03
A,49,ARG,0.73,0.63
A,50,GLU,0.34,0.29
A,51,ILE,0.04,0.01
A,52,ARG,0.69,0.69
A,53,ARG,0.98,0.35
A,54,PHE,0.01,0.02
A,55,GLN,0.01,0.02
A,56,LYS,0.67,0.71
A,57,SER,0.09,0.01
A,58,THR,0.11,0.08
A,59,GLU,1.2,0.18
A,60,LEU,0.42,0.39
A,61,LEU,0,0.03
A,62,ILE,0.02,0.02
A,63,ARG,1.36,1.85
A,64,LYS,0.93,0.89
A,65,LEU,0.28,0.13
A,66,PRO,0.13,0.02
A,67,PHE,0.04,0.01
A,68,GLN,0.06,0.04
A,69,ARG,0.51,1.01
A,70,LEU,0.02,0.05
A,71,VAL,0.02,0
A,72,ARG,0.85,0.41
A,73,GLU,0.68,1.05
A,74,ILE,0.01,0.08
A,75,ALA,0,0
A,76,GLN,0.37,0.39
A,77,ASP,1.02,0.97
A,78,PHE,0.32,0.23
A,79,LYS(me),1.52,0.7
A,80,THR,0.59,0.34
A,81,ASP,1.23,1.62
A,82,LEU,0.25,0.4
A,83,ARG,1.76,1.76
A,84,PHE,0.15,0.87
A,85,GLN,0.06,0.1
A,86,SER,0.09,0.08
A,87,SER,0.01,0
A,88,ALA,0,0.09
A,89,ILE,0.04,0.1
A,90,GLY,0.02,0.02
A,91,ALA,0.01,0.01
A,92,LEU,0.03,0.3
A,93,GLN,0.04,0.04
A,94,GLU,0.61,0.46
A,95,SER,0.1,0.08
A,96,VAL,0.04,0
A,97,GLU,0.12,0.03
A,98,ALA,0.12,0.12
A,99,TYR,0.03,0.28
A,100,LEU,0,0
A,101,VAL,0.01,0.01
A,102,SER,0.2,0.31
A,103,LEU,0,0
A,104,PHE,0.01,0
A,105,GLU,1.01,1.15
A,106,ASP,0.05,0.19
A,107,THR,0,0.04
A,108,ASN,0.01,0.08
A,109,LEU,0.08,0.05
A,110,ALA,0,0.01
A,111,ALA,0,0.04
A,112,ILE,0.01,0.05
A,113,HSD,0.23,0.07
A,114,ALA,0.14,0.14
A,115,LYS,0.87,0.57
A,116,ARG,0.29,0.8
A,117,VAL,0.1,0.3
A,118,THR,0.05,0.03
A,119,ILE,0,0.05
A,120,GLN,0.03,0.21
A,121,LYS,0.94,0.38
A,122,LYS,0.71,0.97
A,123,GLU,0,0.13
A,124,ILE,0,0
A,125,LYS,1.81,0.59
A,126,LEU,0.01,0.01
A,127,ALA,0.01,0
A,128,ARG,0.37,0.45
A,129,ARG,1.48,0.61
A,130,LEU,0.03,0.03
A,131,ARG,0.46,0.72
A,132,GLY,0.08,0.07
A,133,GLU,0.15,0.47
A,134,ARG,5.39,5.13
B,24,ASP,2.5,2.82
B,25,ASN,0.45,0.91
B,26,ILE,0.14,0.18
B,27,GLN,0.95,0.53
B,28,GLY,0.1,0.05
B,29,ILE,0.36,0
B,30,THR,0.32,0.49
B,31,LYS,1.21,1.34
B,32,PRO,0.05,0.31
B,33,ALA,0,0
B,34,ILE,0.15,0
B,35,ARG,0.72,0.66
B,36,ARG,0.22,0.2
B,37,LEU,0,0
B,38,ALA,0.03,0
B,39,ARG,0.18,0.09
B,40,ARG,0.12,0.03
B,41,GLY,0.02,0.03
B,42,GLY,0.05,0.04
B,43,VAL,0.03,0.04
B,44,LYS,0.46,0.55
B,45,ARG,0.79,0.81
B,46,ILE,0.16,0.04
B,47,SER,0.04,0.02
B,48,GLY,0.12,0.06
B,49,LEU,0.09,0.09
B,50,ILE,0.03,0
B,51,TYR,0.09,0.08
B,52,GLU,0.71,0.88
B,53,GLU,0.22,0.02
B,54,VAL,0.05,0
B,55,ARG,0.61,0
B,56,ALA,0.04,0.07
B,57,VAL,0,0.12
B,58,LEU,0.09,0
B,59,LYS,0.47,0.9
B,60,SER,0.15,0.3
B,61,PHE,0.06,0.12
B,62,LEU,0.03,0.13
B,63,GLU,0.43,0.81
B,64,SER,0.21,0.02
B,65,VAL,0.03,0.07
B,66,ILE,0,0.03
B,67,ARG,1.26,0.88
B,68,ASP,0.11,0.02
B,69,SER,0,0.13
B,70,VAL,0,0.27
B,71,THR,0.03,0.14
B,72,TYR,0.15,0.24
B,73,THR,0,0.1
B,74,GLU,0.66,1.21
B,75,HSD,0,0.29
B,76,ALA,0.15,0.06
B,77,LYS,1.34,1
B,78,ARG,0.49,0.34
B,79,LYS,1.86,1.52
B,80,THR,0.09,0.09
B,81,VAL,0,0.32
B,82,THR,0.01,0.01
B,83,SER,0.01,0
B,84,LEU,0.02,0.12
B,85,ASP,0.03,0.03
B,86,VAL,0.01,0.14
B,87,VAL,0.11,0.16
B,88,TYR,0.27,0.35
B,89,ALA,0,0
B,90,LEU,0.01,0.04
B,91,LYS,0.59,0.39
B,92,ARG,0.48,0.53
B,93,GLN,0.04,0.05
B,94,GLY,0.03,0.01
B,95,ARG,0.6,0.7
B,96,THR,0.13,0.01
B,97,LEU,0.06,0.05
B,98,TYR,0.31,0.11
B,99,GLY,0.08,0.07
B,100,PHE,0.23,0.29
B,101,GLY,0.24,0.18
B,102,GLY,0.45,0.42
C,16,GLN,3.24,2.37
C,17,SER,0.9,0.48
C,18,ARG,1.04,1
C,19,SER,0.14,0.08
C,20,ALA,0.09,0.13
C,21,LYS,1.26,0.92
C,22,ALA,0,0
C,23,GLY,0.08,0.1
C,24,LEU,0.1,0.03
C,25,THR,0.73,0.43
C,26,PHE,0,0
C,27,PRO,0.05,0.04
C,28,VAL,0,0
C,29,GLY,0.12,0.08
C,30,ARG,0.33,0.56
C,31,VAL,0.01,0
C,32,HSD,0.12,0.13
C,33,ARG,0.85,0.81
C,34,LEU,0.31,0.29
C,35,LEU,0.07,0.05
C,36,ARG,0.75,1.31
C,37,ARG,1.25,0.94
C,38,GLY,0.17,0.03
C,39,ASN,0.59,0.37
C,40,TYR,0.48,0.17
C,41,ALA,0.12,0.07
C,42,GLN,0.18,0.41
C,43,ARG,0.58,0.47
C,44,ILE,0.15,0.04
C,45,GLY,0.03,0.01
C,46,SER,0.49,0.37
C,47,GLY,0.03,0.05
C,48,ALA,0,0
C,49,PRO,0.01,0.02
C,50,VAL,0,0
C,51,TYR,0.02,0
C,52,LEU,0,0.02
C,53,THR,0,0
C,54,ALA,0.04,0
C,55,VAL,0.05,0.03
C,56,LEU,0.12,0
C,57,GLU,0.12,0.03
C,58,TYR,0.61,0.04
C,59,LEU,0.08,0
C,60,ALA,0,0
C,61,ALA,0.01,0.01
C,62,GLU,0.57,0.52
C,63,ILE,0.03,0.13
C,64,LEU,0,0.01
C,65,GLU,0.66,1.56
C,66,LEU,0.24,0.33
C,67,ALA,0,0.01
C,68,GLY,0.01,0.13
C,69,ASN,0.51,0.52
C,70,ALA,0.07,0.03
C,71,ALA,0,0.07
C,72,ARG,0.83,1.77
C,73,ASP,1.59,1.09
C,74,ASN,0.74,0.34
C,75,LYS,1.79,1.23
C,76,LYS,0.97,0.69
C,77,THR,0.67,0.71
C,78,ARG,1.31,0.87
C,79,ILE,0,0.03
C,80,ILE,0.15,0.01
C,81,PRO,0.05,0.01
C,82,ARG,0.1,0.09
C,83,HSD,0.01,0.01
C,84,LEU,0.07,0
C,85,GLN,0.07,0.02
C,86,LEU,0.28,0.06
C,87,ALA,0,0
C,88,ILE,0.14,0.04
C,89,ARG,0.75,0.39
C,90,ASN,0.61,0.99
C,91,ASP,0.66,0.58
C,92,ASP,1.66,1.63
C,93,GLU,0.29,0.71
C,94,LEU,0.08,0.11
C,95,ASN,0.22,0.17
C,96,LYS,1.62,0.87
C,97,LEU,0.18,0.05
C,98,LEU,0.11,0.27
C,99,GLY,0.01,0.09
C,100,ASN,0.22,0.33
C,101,VAL,0.04,0.01
C,102,THR,0.11,0.07
C,103,ILE,0.06,0.01
C,104,ALA,0.03,0.01
C,105,GLN,0.51,0.37
C,106,GLY,0,0
C,107,GLY,0.16,0.1
C,108,VAL,0.07,0.15
C,109,LEU,0.12,0.2
C,110,PRO,0.09,0.21
C,111,ASN,0.48,0.39
C,112,ILE,0.31,0.02
C,113,HSD,0.34,0.35
C,114,GLN,0.24,0.59
C,115,ASN,0.22,0.18
C,116,LEU,0,0
C,117,LEU,0.18,0.12
C,118,PRO,0.21,0.31
C,119,LYS,2.42,1.96
C,120,LYS,1.66,1.59
C,121,SER,0.1,0.61
C,122,ALA,0.1,0.28
C,123,LYS,0.84,1.72
C,124,ALA,0.17,0.45
C,125,THR,0.82,1.44
D,36,ARG,3.71,3.72
D,37,LYS,1.09,1.38
D,38,GLU,0.77,1.8
D,39,THR,0.11,0.11
D,40,TYR,0.12,0.07
D,41,SER,0.01,0.01
D,42,SER,0.07,0.05
D,43,TYR,0.22,0.2
D,44,ILE,0,0
D,45,TYR,0.1,0.13
D,46,LYS,0.95,0.95
D,47,VAL,0,0
D,48,LEU,0,0.01
D,49,LYS,0.23,0.27
D,50,GLN,0.22,0.19
D,51,THR,0.15,0.13
D,52,HSD,0.38,0.66
D,53,PRO,0.02,0.07
D,54,ASP,0.49,0.8
D,55,THR,0.02,0.17
D,56,GLY,0.05,0.08
D,57,ILE,0.05,0.04
D,58,SER,0.04,0.02
D,59,GLN,0.24,0.2
D,60,LYS,0.21,0.32
D,61,SER,0.03,0
D,62,MET,0.01,0
D,63,SER,0.06,0.22
D,64,ILE,0.04,0.03
D,65,LEU,0,0.01
D,66,ASN,0.05,0.09
D,67,SER,0,0.1
D,68,PHE,0,0.21
D,69,VAL,0.05,0
D,70,ASN,0.29,0.2
D,71,ASP,0.2,0.26
D,72,ILE,0.04,0.03
D,73,PHE,0.03,0.02
D,74,GLU,0.57,0.52
D,75,ARG,0.62,0.41
D,76,ILE,0,0
D,77,ALA,0,0.02
D,78,THR,0.02,0.01
D,79,GLU,0.1,0.14
D,80,ALA,0,0.01
D,81,SER,0.07,0
D,82,LYS,0.73,0.61
D,83,LEU,0.02,0.11
D,84,ALA,0.01,0.02
D,85,ALA,0.14,0.13
D,86,TYR,0.21,0.77
D,87,ASN,0.07,0.08
D,88,LYS,0.84,0.75
D,89,LYS,0.48,1.1
D,90,SER,0.14,0.12
D,91,THR,0.06,0.11
D,92,ILE,0.05,0.08
D,93,SER,0.1,0.1
D,94,ALA,0.06,0.02
D,95,ARG,0.84,0.77
D,96,GLU,0.02,0.12
D,97,ILE,0.02,0
D,98,GLN,0.08,0.04
D,99,THR,0,0.07
D,100,ALA,0,0
D,101,VAL,0,0.01
D,102,ARG,1.48,1.04
D,103,LEU,0.22,0.14
D,104,ILE,0.05,0.08
D,105,LEU,0.02,0.02
D,106,PRO,0.13,0.04
D,107,GLY,0.26,0.16
D,108,GLU,1.98,0.47
D,109,LEU,0.12,0
D,110,ALA,0.01,0
D,111,LYS,1.02,1.21
D,112,HSD,0.88,0.16
D,113,ALA,0.03,0
D,114,VAL,0.01,0.1
D,115,SER,0.07,0.1
D,116,GLU,1.23,0.66
D,117,GLY,0,0
D,118,THR,0.02,0.01
D,119,ARG,0.85,0.97
D,120,ALA,0,0
D,121,VAL,0.01,0.01
D,122,THR,0,0.03
D,123,LYS,0.46,0.75
D,124,TYR,0.23,0.44
D,125,SER,0.22,0.19
D,126,SER,0.03,0.06
D,127,SER,0.36,0.28
D,128,THR,1.54,0.79
E,38,PRO,1.85,1.83
E,39,HSD,1,0.59
E,40,ARG,2.77,2.19
E,41,TYR,1.1,0.99
E,42,LYS,2.34,2.18
E,43,PRO,0.63,0.65
E,44,GLY,0.12,0.13
E,45,THR,0.16,0.16
E,46,VAL,0.27,0.11
E,47,ALA,0.06,0.03
E,48,LEU,0,0
E,49,ARG,0.6,0.99
E,50,GLU,0.65,0.3
E,51,ILE,0,0
E,52,ARG,0.77,0.54
E,53,ARG,0.71,0.53
E,54,PHE,0.23,0.11
E,55,GLN,0.02,0
E,56,LYS,1,1.11
E,57,SER,0.04,0.05
E,58,THR,0.17,0.07
E,59,GLU,0.63,0.82
E,60,LEU,0.21,0.31
E,61,LEU,0.26,0.27
E,62,ILE,0.01,0.15
E,63,ARG,1.25,1.43
E,64,LYS,0.96,0.59
E,65,LEU,0.06,0.17
E,66,PRO,0.04,0.02
E,67,PHE,0,0.12
E,68,GLN,0.02,0.05
E,69,ARG,1.1,1.02
E,70,LEU,0,0.04
E,71,VAL,0,0.03
E,72,ARG,0.66,1.07
E,73,GLU,0.71,1.33
E,74,ILE,0.01,0.01
E,75,ALA,0,0
E,76,GLN,0.76,0.28
E,77,ASP,1.29,0.75
E,78,PHE,0.26,0.12
E,79,LYS(me),0.99,0.7
E,80,THR,0.29,0.27
E,81,ASP,0.61,1.52
E,82,LEU,0.19,0.36
E,83,ARG,0.95,1.45
E,84,PHE,0.03,0.15
E,85,GLN,0.02,0.05
E,86,SER,0.02,0.03
E,87,SER,0,0.02
E,88,ALA,0,0
E,89,ILE,0.01,0
E,90,GLY,0,0
E,91,ALA,0,0
E,92,LEU,0.03,0.03
E,93,GLN,0,0.03
E,94,GLU,0.42,0.21
E,95,SER,0.07,0
E,96,VAL,0.13,0.03
E,97,GLU,0.09,0.03
E,98,ALA,0.04,0.06
E,99,TYR,0.36,0.05
E,100,LEU,0.03,0.03
E,101,VAL,0.01,0.01
E,102,SER,0.1,0.11
E,103,LEU,0.12,0.15
E,104,PHE,0.05,0.26
E,105,GLU,0.93,0.59
E,106,ASP,0.03,0.03
E,107,THR,0.04,0.01
E,108,ASN,0.13,0.24
E,109,LEU,0.08,0.04
E,110,ALA,0,0.02
E,111,ALA,0.05,0.05
E,112,ILE,0.01,0.16
E,113,HSD,0.23,0.15
E,114,ALA,0.27,0.15
E,115,LYS,1.16,1.25
E,116,ARG,0.66,0.7
E,117,VAL,0.19,0.59
E,118,THR,0.03,0.04
E,119,ILE,0.06,0.04
E,120,GLN,0.14,0.06
E,121,LYS,1.05,0.43
E,122,LYS,0.2,0.21
E,123,GLU,0.03,0.01
E,124,ILE,0.04,0.05
E,125,LYS,0.81,0.66
E,126,LEU,0,0
E,127,ALA,0,0
E,128,ARG,0.67,0.25
E,129,ARG,0.34,0.73
E,130,LEU,0.01,0.09
E,131,ARG,0.31,0.52
E,132,GLY,0.07,0.03
E,133,GLU,0.47,0.22
E,134,ARG,2.66,5.52
F,18,HSD,1.57,1.89
F,19,ARG,1.27,3.1
F,20,LYS,2,1.53
F,21,ILE,0.33,1.25
F,22,LEU,1.05,0.44
F,23,ARG,2.99,2.48
F,24,ASP,1.5,1.82
F,25,ASN,0.53,0.13
F,26,ILE,0.16,0.12
F,27,GLN,1.1,0.4
F,28,GLY,0.06,0.1
F,29,ILE,0,0
F,30,THR,0.16,0.19
F,31,LYS,1.4,0.96
F,32,PRO,0.06,0.15
F,33,ALA,0,0.02
F,34,ILE,0.03,0.13
F,35,ARG,0.84,1.24
F,36,ARG,0.52,0.76
F,37,LEU,0,0
F,38,ALA,0.03,0.13
F,39,ARG,0.11,0.09
F,40,ARG,0.2,0.14
F,41,GLY,0.02,0.01
F,42,GLY,0.02,0.02
F,43,VAL,0,0.05
F,44,LYS,0.27,0.58
F,45,ARG,1.02,1.14
F,46,ILE,0.08,0.49
F,47,SER,0.04,0.03
F,48,GLY,0.12,0.06
F,49,LEU,0.1,0.11
F,50,ILE,0.07,0.15
F,51,TYR,0.05,0.3
F,52,GLU,0.46,0.77
F,53,GLU,0.28,0.03
F,54,VAL,0,0.09
F,55,ARG,0.31,0.03
F,56,ALA,0.04,0.05
F,57,VAL,0.01,0.02
F,58,LEU,0.03,0.01
F,59,LYS,0.96,0.77
F,60,SER,0.17,0.24
F,61,PHE,0.21,0.07
F,62,LEU,0.04,0.05
F,63,GLU,0.78,0.37
F,64,SER,0.16,0.32
F,65,VAL,0.29,0.05
F,66,ILE,0,0.06
F,67,ARG,1.03,0.95
F,68,ASP,0.52,0.19
F,69,SER,0,0.03
F,70,VAL,0,0.04
F,71,THR,0.15,0.13
F,72,TYR,0.21,0.24
F,73,THR,0,0
F,74,GLU,0.59,0.27
F,75,HSD,0.3,0.03
F,76,ALA,0.15,0.11
F,77,LYS,1.24,0.82
F,78,ARG,0.6,0.48
F,79,LYS,0.99,1.54
F,80,THR,0.03,0.04
F,81,VAL,0,0.13
F,82,THR,0.01,0.02
F,83,SER,0,0.03
F,84,LEU,0.09,0.06
F,85,ASP,0.01,0
F,86,VAL,0,0
F,87,VAL,0,0.06
F,88,TYR,0.08,0.08
F,89,ALA,0.02,0
F,90,LEU,0.03,0
F,91,LYS,0.8,0.9
F,92,ARG,0.55,0.35
F,93,GLN,0.54,0.2
F,94,GLY,0.02,0.02
F,95,ARG,0.46,0.68
F,96,THR,0.05,0.11
F,97,LEU,0.02,0.03
F,98,TYR,0.1,0.21
F,99,GLY,0.03,0.03
F,100,PHE,0.11,0
F,101,GLY,0.14,0.11
F,102,GLY,0.16,0.24
G,13,LYS,4.31,3.95
G,14,ALA,0.26,0.16
G,15,SER,0.57,0.57
G,16,GLN,1.22,1.17
G,17,SER,0.56,0.75
G,18,ARG,1.09,1.07
G,19,SER,0.22,0
G,20,ALA,0.14,0.12
G,21,LYS,0.65,0.76
G,22,ALA,0,0
G,23,GLY,0.09,0.13
G,24,LEU,0.44,0.18
G,25,THR,0.66,0.35
G,26,PHE,0.04,0
G,27,PRO,0.08,0.03
G,28,VAL,0.01,0
G,29,GLY,0,0.05
G,30,ARG,0.38,0.58
G,31,VAL,0,0
G,32,HSD,0.09,0.08
G,33,ARG,0.8,0.58
G,34,LEU,0.05,0.12
G,35,LEU,0.03,0
G,36,ARG,0.75,1.14
G,37,ARG,0.92,1.12
G,38,GLY,0.08,0.12
G,39,ASN,0.3,0.46
G,40,TYR,0.28,0.28
G,41,ALA,0.06,0.11
G,42,GLN,0.45,0.54
G,43,ARG,0.91,1.01
G,44,ILE,0.05,0.05
G,45,GLY,0.03,0.02
G,46,SER,0.43,0.6
G,47,GLY,0.08,0.03
G,48,ALA,0,0
G,49,PRO,0.01,0
G,50,VAL,0,0.03
G,51,TYR,0.04,0.09
G,52,LEU,0,0
G,53,THR,0.03,0
G,54,ALA,0.03,0.01
G,55,VAL,0.13,0.1
G,56,LEU,0,0.31
G,57,GLU,0.11,0.11
G,58,TYR,0.42,0.27
G,59,LEU,0,0.13
G,60,ALA,0,0.03
G,61,ALA,0.01,0.05
G,62,GLU,0.74,0.61
G,63,ILE,0.29,0
G,64,LEU,0.03,0.05
G,65,GLU,1.14,2.04
G,66,LEU,0.29,0.25
G,67,ALA,0.03,0
G,68,GLY,0,0.01
G,69,ASN,0.36,0.49
G,70,ALA,0.02,0.05
G,71,ALA,0,0.01
G,72,ARG,0.48,0.56
G,73,ASP,0.82,1.5
G,74,ASN,0.16,0.6
G,75,LYS,0.86,0.76
G,76,LYS,0.96,0.78
G,77,THR,0.49,0.2
G,78,ARG,1.45,1.15
G,79,ILE,0.04,0
G,80,ILE,0.06,0.02
G,81,PRO,0.07,0.01
G,82,ARG,0.12,0.09
G,83,HSD,0.05,0.02
G,84,LEU,0.35,0
G,85,GLN,0.12,0.04
G,86,LEU,0.13,0.36
G,87,ALA,0.03,0
G,88,ILE,0.11,0
G,89,ARG,0.87,0.72
G,90,ASN,0.35,0.79
G,91,ASP,0.56,0.55
G,92,ASP,2.06,2.8
G,93,GLU,0.66,0.5
G,94,LEU,0.13,0
G,95,ASN,0.3,0.45
G,96,LYS,0.56,1.07
G,97,LEU,0.07,0.06
G,98,LEU,0.15,0.13
G,99,GLY,0.09,0.08
G,100,ASN,0.32,0.19
G,101,VAL,0.1,0.16
G,102,THR,0.22,0.2
G,103,ILE,0.14,0.04
G,104,ALA,0.03,0.04
G,105,GLN,0.62,0.31
G,106,GLY,0.01,0.01
G,107,GLY,0.11,0.22
G,108,VAL,0.13,0.26
G,109,LEU,0.18,0.25
G,110,PRO,0.11,0.27
G,111,ASN,0.45,0.5
G,112,ILE,0.32,0.22
G,113,HSD,0.47,0.52
G,114,GLN,0.1,0.28
G,115,ASN,0.06,0.63
G,116,LEU,0.01,0.22
G,117,LEU,0.19,0.19
G,118,PRO,0.3,0.68
G,119,LYS,1.47,3.19
G,120,LYS,1.95,5.2
H,35,VAL,1.12,0.73
H,36,ARG,3.62,1.34
H,37,LYS,1.44,1.35
H,38,GLU,0.47,0.38
H,39,THR,0.15,0.11
H,40,TYR,0.02,0.09
H,41,SER,0.01,0.01
H,42,SER,0.05,0.08
H,43,TYR,0.35,0.23
H,44,ILE,0,0.03
H,45,TYR,0.04,0.13
H,46,LYS,0.74,0.85
H,47,VAL,0,0
H,48,LEU,0,0.04
H,49,LYS,0.41,0.32
H,50,GLN,0.16,0.16
H,51,THR,0.09,0.16
H,52,HSD,0.53,0.66
H,53,PRO,0.11,0.2
H,54,ASP,1.7,0.95
H,55,THR,0.06,0
H,56,GLY,0.13,0.1
H,57,ILE,0.04,0.12
H,58,SER,0.09,0.04
H,59,GLN,0.21,0.18
H,60,LYS,0.46,0.29
H,61,SER,0.03,0
H,62,MET,0.01,0
H,63,SER,0.29,0.14
H,64,ILE,0.07,0
H,65,LEU,0.03,0
H,66,ASN,0.02,0.04
H,67,SER,0.21,0.09
H,68,PHE,0.02,0.15
H,69,VAL,0,0.15
H,70,ASN,0.21,0.38
H,71,ASP,0.33,0.33
H,72,ILE,0,0.19
H,73,PHE,0,0.01
H,74,GLU,0.32,0.91
H,75,ARG,0.56,0.85
H,76,ILE,0,0.03
H,77,ALA,0.02,0.03
H,78,THR,0.07,0.07
H,79,GLU,0.1,0.03
H,80,ALA,0,0
H,81,SER,0.02,0.04
H,82,LYS,0.72,0.8
H,83,LEU,0.05,0.03
H,84,ALA,0,0
H,85,ALA,0.24,0.1
H,86,TYR,0.22,0.31
H,87,ASN,0.28,0.21
H,88,LYS,0.87,0.75
H,89,LYS,0.99,0.51
H,90,SER,0.17,0.21
H,91,THR,0.06,0.04
H,92,ILE,0.03,0.02
H,93,SER,0.12,0.05
H,94,ALA,0.05,0.04
H,95,ARG,1.32,0.57
H,96,GLU,0.07,0
H,97,ILE,0,0
H,98,GLN,0.08,0.08
H,99,THR,0.03,0.02
H,100,ALA,0,0
H,101,VAL,0.02,0
H,102,ARG,1.12,1.27
H,103,LEU,0.07,0.22
H,104,ILE,0.03,0.03
H,105,LEU,0.01,0.08
H,106,PRO,0.04,0.18
H,107,GLY,0.34,0.19
H,108,GLU,1.81,0.61
H,109,LEU,0.04,0
H,110,ALA,0.01,0
H,111,LYS,1.71,1.24
H,112,HSD,0.54,0.44
H,113,ALA,0.13,0.02
H,114,VAL,0.13,0.1
H,115,SER,0.19,0.25
H,116,GLU,1.15,0.82
H,117,GLY,0.02,0.03
H,118,THR,0.06,0.05
H,119,ARG,1.02,0.73
H,120,ALA,0,0.05
H,121,VAL,0.02,0.11
H,122,THR,0.02,0.04
H,123,LYS,0.54,0.95
H,124,TYR,0.2,0.32
H,125,SER,0.19,0.19
H,126,SER,0.01,0.04
H,127,SER,0.26,0.28
H,128,THR,1.31,1.54
H,129,GLN,0.26,0.68
H,130,ALA,0.93,1.24
